arm,iteration,phi,d_cv,tc,pred_phi_only,pred_phi_dcv
experimental,1,0.4203,0.3400,0.8040,0.6506,0.7884
experimental,2,0.4441,0.3720,0.9080,0.8505,0.8810
experimental,3,0.4805,0.5000,1.0280,0.8287,0.9630
experimental,4,0.4629,0.3990,1.0060,0.8675,0.9482
experimental,5,0.4748,0.6000,0.8210,0.9476,0.8394
experimental,6,0.4848,0.6490,0.8500,0.9781,0.8152
experimental,7,0.5011,0.4770,1.0540,1.0561,1.1135
experimental,8,0.5130,0.5020,1.2180,1.1387,1.1160
experimental,9,0.5043,0.4090,1.1100,1.0772,1.1739
experimental,10,0.5494,0.7090,1.2230,1.5399,1.2919
initial,1,0.3100,0.4220,0.4490,0.3718,0.4217
initial,2,0.3250,0.2690,0.5280,0.4023,0.4447
initial,3,0.3450,0.3800,0.5140,0.4642,0.5407
initial,4,0.3600,0.3610,0.5690,0.4915,0.5794
initial,5,0.3800,0.3880,0.6460,0.5313,0.6279
initial,6,0.4000,0.3290,0.6620,0.6116,0.7293
initial,7,0.4100,0.5140,0.6720,0.6863,0.6713
initial,8,0.4300,0.5750,0.6450,0.8017,0.6997
initial,9,0.4450,0.4160,0.9040,0.8645,0.8727
initial,10,0.4550,0.3670,0.9120,0.9341,0.9398
initial,11,0.4700,0.5750,0.8540,0.9041,0.8428
initial,12,0.4950,0.6400,0.8810,1.0274,0.8975
initial,13,0.5000,0.4410,1.0650,1.0244,1.1232
initial,14,0.5300,0.7230,1.0620,1.3468,1.0641
initial,15,0.5400,0.6100,1.2150,1.3679,1.2735
