iteration,phi,d_cv,tc,pred_phi_only,sd_phi_only,pred_phi_dhat,sd_phi_dhat,pred_phi_dmeas
1,0.4203,0.3400,0.8040,0.6500,0.0436,0.7169,0.0664,0.7739
2,0.4441,0.3720,0.9080,0.8171,0.0210,0.8232,0.0662,0.8712
3,0.4805,0.5000,1.0280,0.8809,0.1222,0.9692,0.0844,0.9457
4,0.4629,0.3990,1.0060,0.8674,0.0922,0.9003,0.0829,0.9621
5,0.4748,0.6000,0.8210,0.9117,0.0677,0.9478,0.0871,0.8353
6,0.4848,0.6490,0.8500,1.0420,0.0786,0.9895,0.0742,0.8114
7,0.5011,0.4770,1.0540,1.0973,0.0301,1.1057,0.0344,1.0842
8,0.5130,0.5020,1.2180,1.1993,0.1451,1.1122,0.0763,1.1062
9,0.5043,0.4090,1.1100,1.0586,0.0701,1.1336,0.0596,1.1733
10,0.5494,0.7090,1.2230,1.5407,0.1353,1.4257,0.0848,1.2707
