arm,iteration,phi,passed,thickness_mm,eta,tc,d_cv
initial,1,0.31,True,1.005,11.9,0.449,0.422
initial,2,0.325,True,0.978,11.21,0.528,0.269
initial,3,0.345,True,1.026,13.58,0.514,0.38
initial,4,0.36,True,1.017,15.38,0.569,0.361
initial,5,0.38,True,1.031,17.17,0.646,0.388
initial,6,0.4,True,1.006,18.12,0.662,0.329
initial,7,0.41,True,1.058,21.54,0.672,0.514
initial,8,0.43,True,1.063,28.45,0.645,0.575
initial,9,0.445,True,1.032,25.31,0.904,0.416
initial,10,0.455,True,1.031,30.4,0.912,0.367
initial,11,0.47,True,1.067,44.31,0.854,0.575
initial,12,0.495,True,1.059,71.01,0.881,0.64
initial,13,0.5,True,1.047,47.87,1.065,0.441
initial,14,0.53,True,1.094,134.58,1.062,0.723
initial,15,0.54,True,1.097,122.89,1.215,0.61
experimental,1,0.4203,True,1.019,23.15,0.804,0.34
experimental,2,0.4441,True,1.03,28.27,0.908,0.372
experimental,3,0.4805,True,1.064,44.7,1.028,0.5
experimental,4,0.4629,True,1.023,31.89,1.006,0.399
experimental,5,0.4748,True,1.06,46.59,0.821,0.6
experimental,6,0.4848,True,1.057,53.72,0.85,0.649
experimental,7,0.5011,True,1.032,47.64,1.054,0.477
experimental,8,0.513,True,1.054,63.57,1.218,0.502
experimental,9,0.5043,True,1.066,49.84,1.11,0.409
experimental,10,0.5494,True,1.126,214.19,1.223,0.709
control,1,0.4441,True,1.008,33.15,0.83,
control,2,0.4454,True,1.072,29.39,0.737,
control,3,0.4842,True,1.047,38.9,1.013,
control,4,0.483,True,1.028,41.8,0.993,
control,5,0.513,True,1.073,71.74,1.029,
control,6,0.5262,True,1.083,101.58,1.08,
control,7,0.5206,True,1.096,102.21,1.026,
control,8,0.55,False,,,0.0,
control,9,0.5049,True,1.052,62.82,1.077,
control,10,0.4761,True,1.017,47.27,0.967,
